x,y
喜加一，你懂得,推荐
"安装3DM的中文补丁
把游戏目录下GCGame\CookedPC\IpDrv_LOC_int.upk这个文件删除。进游戏就有中文了",推荐
"我第一次遇到崩到连Ctrl+Alt+Delete都不认的游戏。。。

这是因为我是64位的系统？还是因为我没有女朋友注定孤独一生？

我觉得我是永远都没机会捡起那把北朝鲜AK了。。。",不推荐
卧槽居然上架了！！联机真的不错，推荐,推荐
"🌞：美国人要用枪打，枪一定要射出子弹，开枪一定要扣动扳机
✍️😭✍️😭✍️😭✍️😭✍️😭✍️😭✍️😭✍️😭",推荐
"游戏的背景是：2027年，故事讲述遭受经济危机冲击后的美国逐渐衰退，威风不再，被自己曾经踩在脚下的朝鲜如今国力强盛，大举入侵美国本土。此时全体美利坚人民奋起反抗，抗击朝鲜侵略者，保家卫国。（好吧，我笑了。。。想起一个笑话：朝鲜高层开大会，三胖在会上宣布朝鲜要登陆太阳，全场一片哗然：太阳上温度那么高，怎么上去呢？三胖看出了大家的疑惑，胖手一挥，说：我们晚上去！大家被三胖的机智惊呆了，瞬间掌声雷动，经久不息。）

虽然画面效果没什么亮点，但是设计的环境很写实，操作简单流畅，音效好评，单机剧情自然而然的就玩下来了，故事剧情蛮有代入感的。联机方面试过大战役模式，场面挺火爆的，就是PING很感人，必须挂VPN玩。

当初是被游戏封面上那个灰暗色调人相上的血色围眼吸引，相对于打折时候5刀的价格，我觉得这个游戏值！",推荐
"游戏《国土防线》1代 汉化方法
【第1步】网上搜索：3DM汉化补丁，记得选择“3dm蒹葭汉化组”
——或者下载汉化包：加QQ群580423397，免申请入群在“群文件”自己找，下载完你退群好了
【第2步】点击Steam，找到Homefront，右键点击“管理”—选择“浏览本地文件”
【第3步】找到游戏目录“HOMEFRONT”下GCGame\CookedPC\IpDrv_LOC_int.upk，把这个文件删除
【第4步】直接将“国土防线汉化1.0.exe”放到游戏目录“HOMEFRONT”下双击打开，点击“安装汉化”
【第5步】打开游戏，汉化完成，大部分都能用
Steam打折7元买的，没什么好说的，买不了吃亏买不了上当，想玩你就闭眼入",推荐
"我觉得steam出中评只能说是迟早的事了，多少想给中评的游戏结果都只能给好评。说回正题，那些说bug多的，不知道你们的bug是哪里来的，我以前玩通关了都没遇到多少破坏游戏体验的bug。单人模式很短，三个半小时左右吧，还是挺紧凑的，虽然说结尾是很老套的好莱坞boomboomboom，但是每次遇到都会玩得很爽。



单人模式给6分，内容短，枪支手感尚可，如果你喜欢荣誉勋章的话这个估计也会觉得不错。



多人模式很有创意，目前服务器还有人的就只有征服和团战了，征服平衡的很一般，而且每轮的时间也有点过长了。不过团战确实很新鲜，每一个职业的技能都有不同作用，而且在团战里面起的效果也不会太变态，团战我虽然就玩了三局，但是都觉得打得很爽。而且让我不禁想道：如果新的家园前线也有多人模式那估计就可能会成为steam上面的战地了。多人模式7分，总得来说只能算是一个6分合格的作品。以现在的标准来衡量肯定是不过关的了，不过以前战地还是很贵的时候我还真会给大家推荐买这个了",推荐
"

之所以推荐是因为免费送的，配置要求也不高。
编剧八成是个军盲，朝军有着神一般的黑科技，却只能用RPG打直升机。。
至今不明白M1坦克是如何被RPG从正面一发打爆的，难道穷到用猴版？
朝军在金门大桥上建几道铁门整个陆军就束手无策了，你们的火力覆盖呢？再不济，你们的坦克是摆设吗？
当美军打下金门大桥的那一刻，几架F22把桥上的美军炸开了花（这是叛徒吧。。）
思前想后忽然想通了——
这是红龙的第一人称版吧！",推荐
"我是看着敖厂长的视频才知道这个游戏的，厂长称它为“国土烦炫”，
整体游戏比较中庸，没有什么出彩的地方，也没有什么恶性BUG，
游戏流程也是很短的，一般4个小时内可以通关吧。

武器的种类还可以，每个武器有一些不同的备件，但也只是可以捡到，
不能自定义武器，游戏中有一个遥控的机械小装甲车，十分BUG，
一般有它的关卡都是很轻松的，游戏的关卡设计还是挺不错，
玩起来也不会觉得无聊，因为真的很短，显得还挺紧凑的。
还有多人模式，虽然我根本没玩。也无中文，但剧情挺扯蛋，应该是，
朝鲜入侵美国，哈哈，三胖很强势嘛。全游戏也许就是这个亮点吧。

游戏本身价格比较低，打折之后更是白菜价入手，推荐打折之后，买来玩玩，是一个挺不错的选择。",推荐
"#国土防线#，第一人称射击。背景设定爆炸，2027年朝鲜成功攻占美国本土，主角是旧金山抵抗游击队中的一员。
hb限免，多人模式已鬼服，无官中无汉化。",推荐
6年前玩过的游戏，之前喜+1拿的，以前这游戏我用xbox360玩的，在刚才的那几年这游戏还可以，除了cod和战地还有荣誉勋章外 还不错的一款，自己印象最深刻就是最后一关桥上。在后来一些枪战网游都有这个图，这游戏回忆满满，但已经没动力玩下去了.....,推荐
"

另一个平行世界，朝鲜暴打美帝。666",推荐
"

谁有汉化补丁！没有中文玩起好尼玛难受。。。",推荐
打折的时候喜加一 和几个好友试玩了一下 首先联机模式人有点少 基本就是好友越好来对抗的 人多的情况下还是挺好玩的 武器手感不错 还有就是没有中文 网上的中文补丁打了没效果 但其实基本的东西都能看得懂 所以有兴趣的喜爱fps且朋友多的情况下 不妨把它加入到库中吧w,推荐
ok,推荐
"

Free on Humble Bundle！

小车前中期全程实力carry

游戏总体感觉一般。

除了突突突，整部游戏就只有一关是有带有潜入元素的，比如用狙击枪干掉对面狙击手。。
还有一关是驾驶直升机，（你甚至可以无伤去撞地上的车。。）

剧情一般。或许是因为我没有打汉化剧情没怎么看懂？

多人。。连了几次没进去就没再试了，不知道需不需要梯子。

最后感谢HB！！！",推荐
"不要再说垃圾游戏辣！

真的是一款很好玩的游戏。本体价格很便宜也进过一次包，所以很推荐已进入库的玩家尝试一下，整个流程大概在三个小时，麻雀虽小五脏俱全，这绝对会是速射爽爆的三个小时。

游戏剧情中规中矩，KPA占领全世界，然后自由斗士为解放人民而战。和第二部没有太大区别，但是发生在第二部的四年前，城市科技程度明显落后一些。

游戏的贴图没有现在精细，场景互动也几乎没有，但是场景制作十分精细，没有明显贴图错误和莫名其妙的场景bug，缺点是空气墙稍微严格了一点。

支持21：9和2k画质。

这部中，很多设定可以看到《国土防线：革命》的影子。虽然相较与第二部《国土防线：革命》来说，这一作无论是场景还是系统都没有第二部丰富，但是，我不得不说，这一部比第二部要优秀太多，可以说是第二部所有的精华都放在了这一部中，现实情况是，第二部在第一部的基础上扩大了地图，加入新的游戏系统，增添更多游戏方法，但是在发扬精华的时候也加入了一些糟粕，使得第二部没有那么的耀眼。
这里是我《国土防线：革命》的评测。 https://steamcommunity.com/id/Chaneky/recommended/223100/
第二部在我看来并不是一个合格的垃圾游戏，这一部无疑是优秀的。

游玩过程中遇到过一次bug，因为我处理敌人太快了，导致NPC卡住不推剧情了，这在线性游戏里是致命的，游戏等于没法玩了，读了一次档就解决了，其实也不是什么大毛病。

游戏最大的优点在于他作为FPS游戏的手感和动作的流畅性，可以说比现在的很多游戏都要好，开镜慢了点但是还可以接受，我很惊讶与一个好多年前的游戏整个游戏操作居然和现在的主流游戏操作如此接近，爬蹲起跳跃的切换丝滑流畅，空中开镜，贴脸瞬镜也完全没有违和感，后半段的直升飞机的操作平易近人到我都疑惑为什么现在的游戏直升机都不这么设计！

作为射击游戏，这应该是一部精品了，垃圾游戏这个称号简直就是无稽之谈。纸上得来终觉浅，难道你不觉得浅吗？！

我无聊自己开了把网战，不夸张的说，完美的复刻了战地，从玩法到操作，精妙，就是场景没法破坏，关键是居然有俩个人跑到了我的房间让我一挑二，amazing。然后我赢了，GG

",推荐
"金门大桥掉下来，掉下来，掉下来~
国土防线背景设立在平行世界的假想战场，自由的领土被崛起的红色力量占领，实现人人幸福的方式就是驱逐本地人（有点眼熟的剧情，作为皇牌飞行员的主角，因赫赫战功被寄托希望，为了拯救水深火热中的普通百姓，他义无反顾，忍辱负重，用双手的鲜血，换取明天的鲜花。
　
剧情起承转合一气呵成，短短七章内容，突击潜行驾驶爆炸应有尽有，刹那间通关留给人残存一丝意犹未尽。
枪械后座力低，呼吸回血快，存档点密集，指引清晰，系统简洁，就连最高难度，竟然！不要求一命通关，也就脆皮一些几枪就寄，导致人类和坦克PK略占下风，靠无CD读档，复活又是一条好汉，在FPS类简直是一股清流，令人潸然泪下。
多人模式，没人哈哈：（",推荐
4小时通关，一路社保~,推荐
"让朝鲜统一全世界，这是全世界人的梦想。

Let North Korea unify the whole world, this is the dream of people all over the world.",推荐
"为什么玩这个评价不是很好的射击游戏？一切源于写完了论文肝完了视频一身轻松瘫软在床上无所事事，突然想要打打无脑突突突的FPS，才突然想到前几天HB上喜加一来的homefront。

剧情：剧情总体还是比较通俗易懂的，作为英语渣的大一狗表示不需要汉化也可以看懂游戏的剧情、人物对话等，玩起来还是不会迷迷瞪瞪的。但是如果一定要严格来讲的话其实剧情并没有很出众，也没有类似欧亨利式的结局，甚至是牺牲掉的NPC都渲染的很平淡，算是比较按大众套路走的了，相信肯定有人玩一半就能大致猜对剧情走向。
（话说这个背景实在尼玛硬核啊哈哈哈，北方的某个国家咸鱼翻身，反过来把美国搞了 /手动滑稽/）

游戏性：个人认为这款游戏“自由度”不太让人舒服，我讲的这个所谓的”自由度“不是沙盒游戏上讲的自由度，而是在玩游戏的过程中真的有很多的“限制”。比如很多地方明明看着像是让人走的但是实际就是空气墙，钻个洞一定要等NPC慢吞吞讲完话，一个个钻完才轮得到你钻，下楼梯也要跟在NPC后面慢慢走，同理很多场景都是如此，这个让人挺烦的。然后我本就是抱着玩无脑突突突的心态去玩的这个游戏，根本没什么心思等他们慢吞吞的讲话和走路，
(所以你们可以脑补一下在一个非常伤心场景里面，NPC情绪低落地在对话，我在旁边跳跳跳，在躺在地上的尸体上跳跳跳，反正只要是有NPC对话的地方就有我在旁边跳跳跳，小猪佩奇既视感）。
然后目的也很简单，不需要动脑子的，看见人就射，没子弹就换枪就行。


画面：贴图比较粗糙，整个游戏玩起来怪怪的，。有一幕印象尤其深刻，就是第一次进到安全屋，有个妇女抱着一个婴儿，我跳跳跳跳过去然后发现那个婴儿...跟一块石头真的没区别，
不过反正我玩游戏从来没有什么高要求，所以其实总体个人觉得说的过去，不会太烂。
特别是最后关卡在进门大桥上的决战真的感觉迷之宏达迷之热血啊！！

射击手感：射击手感个人觉得还不错，至少对于一个突突突的游戏来讲还算可以，特别是到后面操控直升飞机的那几个关卡，导弹机枪射起来挺爽的，或者是因为飞机实在太好开了让我产生这种错觉呢（doge）

音效：个人觉得对游戏起了不错的良性作用，对战争环境的渲染很好，北方某国家士兵的叫喊声也很可爱 。

总结起来如果是冲着画面，玩法，宣传（）去玩的话，可能会让人大失所望，特别是有些人是花了钱买的， 反正我不是（doge） 。但如果是以一个发泄压力或者真的没事干的心态去玩这个游戏也许能发现更多惊喜。",推荐
不得不说这个是个好游戏，游戏细节方面很到位。但国人还是建议不要购买，太卡了。第一次做游戏评估···,推荐
最重要的不是游戏好不好玩，而是这剧情真的。。。很有想法😂,推荐
怎么设置成中文？,推荐
"美国人的害妄想症| 朝鲜人民的春天

不推荐原价入手，因为这游戏的手感实在是太差，剧情又狗血，但是我玩的时候总有一种伪*大游戏制作感",推荐
本人不是很懂政治，或许现实中双方会反过来吧。不得不说游戏开头街边上一对父母要被枪杀，母亲对孩子说不要看，枪声响起紧接着就是孩子撕心裂肺的哭喊声。看到这一幕眼睛都湿了。游戏本身并不出众，射击手感很奇怪，画面在当时还不错，优化也还好，7700hq+1050ti全开有一百多帧，推荐打折的时候，喜欢fps的玩家可以入。对这种题材没兴趣的就算了，不玩也不会错过什么。,推荐
"一零年前后KPA崛起并进攻美国本土的架空设定相当流行，还出过类似的小说和电影——不过和这部游戏一样，都是空有噱头而缺乏内容。
整个战役突出一个混乱——稀里糊涂地被抓，稀里糊涂地获救，稀里糊涂地认识了三个非主流打扮队友，最后稀里糊涂地获胜。剧情说白了就是旧金山反抗军过关斩将投奔王师，顺道与KPA和狗美奸大战的故事。没有反转也没有叙事技巧，只需要知道KPA是带恶人＋为了柿油战斗到底就是了。
游戏的射击手感稀烂，而且种类偏少，敌我双方用的都是美式武器（制作组甚至不愿意做把AK敷衍一下）。关卡设计明显参考了当时大火的现代战争三部曲，但游玩起来拖沓冗长，而且剧情触发与场景切换还得等NPC就位才能进行（离谱的是NPC还经常在寻路时卡住）。糟糕的存档点设置更是雪上加霜，例如农场潜行关与结尾金门大桥关都是高度线性的，可一旦死亡便得回到较久之前的存档点，顺便重温不能跳过的演出脚本。
而且即使在这些坑爹设定折磨下，我通关战役也不过用了三个半小时。至于多人早已鬼服。只能说质量勉强对得起它那10块钱的价格吧……",不推荐
"优点：
1.剧情还不错
2.最高难度下挑战性还可以
缺点：
1.国内封禁了，有关的帖子网站都无法访问关于此游戏内容，盗版 ，汉化补丁，修改器都很难找到（百度快照里面还能下载到汉化补丁）
2.BUG出奇的多，鼠标无法移动遇到好多次，卡死了十几次
3.修改器使用会报错卡死（wemod的可以用，不太稳定会卡死）
4.汉化文件有一下文字会出错（打了汉化之后会有点不稳定）
总结：不太建议购买，我是平史低补票的，以前是在逗游玩盗版，每次玩一半就没怎么玩了，反反复复几次了，正版有云存档是我最喜欢的
",推荐
"

喜加一 不要白不要",推荐
初中玩的盗版，打折买来重温一下，最高难度真的是玩死我了，AI刷的飞快，队友不如不存在，找掩体卡你位，把你挤出去，战斗力为5，但我觉得这确实是一款好游戏？,推荐
BUG还能在多点吗?开局连碰两次...一次出不了车子...一次直接从车里飞出去了...,不推荐
"不至于差评，毕竟几块钱买的。如果是原价买，那肯定给差评。
感觉制作组想抄cod，但成品只能说就这样了。美国被朝鲜入侵这个情节实在让人难绷，游戏中还有些过于刻意的煽情，只要联想到现实中的美国的一些作为，我是真被逗乐了。",推荐
重新通关了一次，中规中矩的一个fps，有不少类似cod的关卡设计-破门、狙击潜入（非常无聊）、载具、炮艇、小鸟（还挺好玩的）。游戏里有时还会因为队友路径问题导致任务无法推进，并且因为备弹数设定的过少，除了用机枪外大部分时间都是在捡枪换枪。,推荐
如果你向往自由，憎恶专制政权，这款游戏一定适合你,推荐
"

6/10 美帝人民的被迫害妄想症",推荐
好游戏,推荐
"差评，即使是2021年来玩一款2011年的游戏，这个差评我依然得给。

首先移动手感，我很好奇THQ是如何把一款FPS的移动手感做成孤单枪手的，人物各种空气墙（甚至是在掩蔽物旁边），各种顶建模，我玩到后面已经意识到如果我清干净敌人前换掩体，跑过去的一瞬间是一定会被打死的，因为一定会被掩体建模粘住一下！另外这个游戏的跑就是别的游戏的走，按住跑步还没我奶奶遛弯快，不按几乎就是蹑手蹑脚走。最傻逼的是，这个游戏爬梯子居然要按E！然后放动画！你这做的还不如08年的荣誉勋章了！

射击手感也很牛皮，我除了能分清拉大栓半自动全自动外完全体会不到枪的其他手感区别，不开镜还带子弹拐弯自动瞄准而不是散射，带消音器的M4捡的时候建模有消音器，举起来就没了，但声音还是带消音的，真是不知道DEBUG怎么做的。另外这游戏有一点巨牛皮，没有子弹补充！地上没有你的枪就只能换枪，就算有你的枪一把枪里就十发子弹，打一会就弹尽粮绝了。

然后是玩法，强制过场、故意拖慢都十分明显，特别第四关有两个油桶，如果你不打油桶炸死敌人，一会你路过油桶就会自己爆炸炸死你！我买的是个恶魔之魂吗？你咋不冲出来个大刀朝鲜兵砍我要我按QTE呢！

最后是故事，欧美人做现代架空总有这个问题，就是不设身处地地想想游戏那样的世界是什么样的，一个概念三张设定图，故事就开场了。朝鲜军官前期特牛逼后期人都没了，朝鲜人来侵略就是杀杀红脖子别的啥也没有，至少你得有个作战计划吧？还有美军战前留下的那个大狗车，比坦克都硬几十倍，有这玩意你们怎么输的？唯一我认为很好的是这游戏里有美奸，有还乡团，还有土匪，实在是美国游戏里少有。

最后的最后，除了朝鲜人没来，整个美国或目前的状况跟游戏里已经差不多了，THQ真是个好预言家，难怪被刀了。",不推荐
"TLDR：不只是不好玩，应该说是纯粹的烂作。打折确实很便宜，但是你的时间总比这坨屎值钱。

兼容性上，网上已经找不到能用的汉化补丁了，4K分辨率下字幕小得离谱。我没有碰过其他评论说的BUG问题，但是它也就顶多是一坨通畅的屎。

游戏性上，所有枪械的手感都是一个模子刻出来的软绵绵，敌人也就只有换皮，打起来也就是千禧年粗制滥造街机游戏的站桩水平。

流程上，绝大部分人都可以在3个小时内通关，其中绝大部分的时间会被浪费在等NPC走到特定地点踢门扶冰箱开启下个地点上（此外NPC经常卡台阶和门口原地踏步，你要不停去蹭才能有可能蹭到正轨上）。

剧情上...想象一群对现实世界的全部了解都来自汽车影院的弱智军盲红脖子白男拿着残障资助投资设计了一款飞机杯，这就是这个时长和内涵都少得可笑的游戏会带给你的全部感觉。

必须声明的是，这游戏的烂和政治没太大关系。就像你看抗日神剧会感觉被侮辱一样，这游戏就是在短短的三个小时里把你当弱智侮辱了你一遍。我已经被自己的好奇心所害吃完了这一坨，那么你何必要学我自取其辱呢。

I would like this game because I enjoy watching these American people suffer. But the game is so bad that I'm suffering from the process of watching instead.

It's nothing political really. It's just a badly designed game with a even worse plot. The entire story progresses based on the commands of a retarded red neck who uses American civilian as meat shield, drops white phosphorus on his own teammates while still have the audacity to blame everything on the enemy.

--------------------------------------------------------------------------------------

在玩的过程中，你能很明显地感受到一种上层叙事：你能从那坐马桶上手机没电了都懒得看的烂片情节、实际就是刻板印象般弱智的队友和NPC和剧情发展中感受到这个架空世界的上层，它的作者们，真的就是一群弱智。遇到任何障碍？坐上卡车冲过去；想游击战推翻凭军事科技实力占领了全世界的超牛逼先进军队？这里是一把M16，请向你看到的所有东西按下鼠标。想感受在未来的城市战场上与超级军事强国的严酷统治做对抗吗？你能碰到的有且仅有视力范围在5m内的步兵，战车和直升机，且能给你的解决办法有且仅有用剧情适时给的RPG炸掉。

它甚至不是像重返德军总部那样的讽刺。你能很明显地感觉到作者们是真的在尝试用他们极其有限的常识和刻板印象在给你讲故事。这故事甚至刻板印象到有点好笑，让我会在每个它想要渲染悲壮情节的环节笑出来。你前脚开着卡车创翻押运囚犯的车还到处开火，后脚带着追兵闯入本来置身事外的居民区开始拿平民当盾牌，怎么事后还有脸怪到追兵身上？哥们在外面搞大屠杀大爆炸杀了不知道多少人，回到几乎完全没遮掩的超公开还有小孩有对外信号的营地里也没做任何准备；怎么在营地被报复屠戮的时候还有脸义愤填膺？

感觉整个流程里，带领我们的所谓的反抗军领袖康纳（大概是这群肥宅作者心中的自设）就是个没有大脑只能用小头思考的，从来不知道LOGIC这个单词怎么拼的弱智。我是真的不知道一个可以做出拿平民当盾牌，拿白磷弹不分敌我地炭烧活人这种完全可以说是恐怖主义战争罪的行径，不管队友死活甚至害死一个又一个队友，主动闯入同阵营美国人的地盘枪杀自己人抢直升机，没有任何领导能力只会嘴臭手下的人，因为自己的所有极其嚣张的恐怖主义活动导致整个城市的平民被报复屠杀的时候，到底是基于什么样的神人心态可以名正言顺地把罪名怪在敌人的头上？我寻思整个流程下来，害死最多美国人的不就是你自己吗？

我能很明显地看出这群红脖子白男们想要创造的一种自由家园被侵占，人们在压迫下奋起反击的氛围；但实际上它能做到的只有让任何有点常识的人患上厌蠢症，让我觉得这些人确实好死，如果能死得更惨更多一点就好了。

别碰瓷使命召唤和荣誉勋章了，真的。这游戏还不如没有剧情，至少那样我不会一边玩一边觉得我变成了一个身后坐着五个红脖子胖哥的阿拉巴马小女孩。

不过仔细一想，如果没有剧情的话，可能这坨屎都不会存在。就三小时的流程，棉花一样的同质化的射击手感（重机枪和冲锋枪几乎没有任何区别），重复性极高（靠它甚至只有三小时到底是怎么能重复的）的关卡设计和敌人换皮（至始至终应该也就只有6种不同皮肤的敌人，打起来基本完全一样就只是换色而已）来说，这游戏在设计上的烂甚至不是像夺命邮差或者The Room那样有意思的烂，而是最烂的那种「无聊」的烂。

怎么说呢。说了这么多，我其实真的只是想劝你不要玩而已。这坨屎我已经替你吃了，你就替我省个三小时吧。",不推荐
单机剧情玩了2关就不玩了，联机很好玩，cod+bf混合体的风格，也就是说是带有载具的cod。,推荐
魔 幻 巨 作,推荐
Good,推荐
"

免费得到的就给个好评把，射击手感怪异就像肌无力但是创意还是不错的，（还有金将军万岁！！！！！！｝",推荐
游戏内容夹带私货，思想文化输出。但也有主角国家的人虐待KPA的剧情。总体说是反战的个人英雄主义。不带着有色眼镜看KPA玩的话，还不错。,推荐
《抗朝奇侠》,推荐
"里面单人模式一共有7个章节，玩起来很像EA的战地，也有呼吸回血大法。简单难度花了 3.4 小时就玩过了。
朝鲜NB噢，一下就占领了整个USA。
剧情里的主角小队更NB就是了，几个人能对抗几百人规模的朝鲜军队。",推荐
"

鑫胖太厉害了，单兵装备全美械，都后期我甚至找不到一把AK。",推荐
"这游戏真是闪瞎我眼，为什么虚幻3的游戏，画面能做得这么亮丽鲜艳？还有不知道是不是这游戏镜面材质过少的原因，总觉得人物贴图像纸片，枪械也毫无金属光泽。

剧情不多说了，大概就是南北朝鲜实现统一，经济实力和政治地位腾飞，组建了强大军事组织KPA，大举进攻美国。而整个游戏就是在叙述美国人民的悲惨处境和奋起反抗的过程。这样的剧情也不是没有新意，只能说没表现到位。游戏自始至终，除了开头巴士和有一关焚尸场有震撼到我之外，其它几关都没给我留下什么特别印象。

手感也一般般吧，平时FPS玩得多的，也能快速上手。

另外，这游戏联机已经没人了，买来只能打打单人，介意的话就不用买了。",推荐
"

早上HB领取游戏，中午下载游戏，下午通关游戏并撰写测评，就是这么一气呵成~~

游戏我个人感觉不错，没什么缺点，但是，我总感觉玩法和使命召唤好像啊！

流程比较短，总共就七关，没有中文，但是英文不难理解，基本一路跟着npc，然后他说什么你就做什么就行了，其他时间就是突突突。


要说有什么不好的，就是游戏总是会时不时卡一下，可能是兼容问题。影响不大。",推荐
"

希望推出中文版",推荐
没有中文，汉化补丁也挂在不了。玩起来好吃力,推荐
"免费获取的产品

免费获得喜加一。时至今日虽然画面渣了点，背景故事奇怪了点，没有汉化无所谓了点。也不至于很多评论说的那么不堪，姑且算是低配版的使命召唤吧。
不建议购买但是免费还是美滋滋的。",推荐
曾经拿出来对抗COD的游戏，结构不尽人意。,推荐
"射击手感和移动手感稀烂，毕竟是老游戏这点其实也不该吐槽

叙事很糟糕，人物塑造完全没有灵魂
bug奇多，开火声音经常丢失 画面持续撕裂 正前方敌人十万八千里外的哀嚎能从你的侧后方传来，甚至都感觉他们在对着我的耳朵哈气

bug多到根本玩不下去，打折十块钱买的留着当扩库存了入手需谨慎。",不推荐
"<国土防线> 游戏不错，开场挺震撼的···

可惜汉化补丁已经全网绝迹了···
~不信你找找~

···对我这个看不懂阴文的人···还是···不推荐了···",不推荐
"

使命召唤的老手难度是自虐，国土防线的老手难度也是自虐
一个是敌人太虐，一个是队友太虐
通关最高难度，你就炼成了玩家的最高境界 —— 至少一个月内不想打游戏，并且专心致力于学习、工作和找对象
反正我是做不到所以先溜了🤣🤣",推荐
玩家在线人数连10都没有，你却让我去匹配，匹配空气？,不推荐
"今天是2020年3月11日，我还没开学。
国土防线1这款游戏是老游戏了，我在初中的时候第一次接触到了盗版，是从快玩下的，加上最近的一遍我差不多通了五遍关。（后来快玩凉了）

评测之前
1.建议骨折入手
2.我是笔记本i5-7300 1050 2g 最高特效满60帧运行
3.搜索3DM汉化，安装完汉化后再删除一个什么什么文件我忘了，但是评测区里有，大家可以自己找找

评测
1.玩法：第一人称射击类游戏，类似使命召唤和战地
2.剧情 6/10 剧情较短，不过挺精彩，主题比较新颖，值骨折价
3.手感 6/10 枪的手感一般 开飞机的手感很棒
4.游戏性 5/10 现在也就玩玩单人任务了，几个小时就通关了，和战地一样短
5.画面 8/10 作为一款老游戏，有这样画面真的可以
6.总体评价：值得骨折入手，那种巨骨折的
反正现在电影院也没开门，就当看了个电影吧",推荐
"Homefront is an FPS which tells the story of a resistance movement fighting back against a near future Korean occupation of the USA.

The game play is a very generic FPS. Pretty much identical to Call of Duty and Medal of Honor; you can only carry two weapons, and four grenades. You will have to swap to different weapons from dead enemies throughout each level as finding ammo is more difficult than you would imagine. None of the enemies use the same weapon...

Graphics wise, it looks nice, but you can tell the game was released in 2011, it looks better than most games released, however it shows it's age when comparing it to more recent titles. The graphical options are wide and you can probably play this game on a potato if you really wanted.

All the maps in the single player are very well designed, sadly you can't really explore because you are constantly reminded to keep following your squad leader. You fight through various different environments such as the streets of suburbs, department stores, and baseball fields, all of which show a disturbing outcome of the quite scary ""what if?"" scenario from a Korean invasion.

The single player of Homefront will take about five hours to complete; this is pretty short in my opinion, and the game ends on a massive cliff hanger, I would of liked to have seen another two or three more missions to tire up the loose ends in the story. Multiplayer is still very much alive in Homefront, I have only played in a couple of games but I had no problem finding a map full of people to jump into. A lot of the reviews you will read on here will say multiplayer is the strongest aspect of the game, so they can't all be wrong.

I would like to recommend Homefront; however I would wait till it is on sale, it has recently been on sale a few weeks ago for as low as £3,75, which would be an absolute bargain if you could get it for that again in an up coming sale.

If you found this review helpful, please consider giving it a thumbs up. You can also find more reviews over at http://www.completingthebackloggroup.com/

Please also check out Completing the Backlog's Curator page here - follow for regular updates on reviews for other games!


",推荐
本来以前盗版玩的比较开心，回来补个票的但是没想到这么多垃圾毛病，硬是上不了1680分辨率，好不容易调出1680分辨率，还他妈全屏不了，多人联机也是两个世纪之前就鬼服了，真心没想到我第一个差评给了国土防线，当初盗版玩的比较开心的一个游戏正版却如此让我失望，如果你不是打折的时候想入，我劝你省省钱吧。。,不推荐
"

可惜被同年题材相近的mw3压倒了。",推荐
剧情太狗血，联机还不错,推荐
傻屌Deep Siver 和傻屌Epic,不推荐
之前玩盗版被变态的难度和诡异的画质虐到了，现在趁着打折来补票补个差评。同样是虚幻三做出来的fps，为啥红色管弦乐队2无论画质还是打击感都能甩这玩意好几条街？,不推荐
"

For Our great leader Kim jong un,take him out
为了我们的伟大领袖金三胖，带他出去

然后我就踏上了打棒子征战三胖之路


这游戏还是单发m16好用 连发武器简直玄学弹道 比cs里的p90还好笑 尤其敌人掉落最多外观和csgo里m4a4差不多那把 简直是鸡肋 比送的m9还难用


默认半蹲下是z 趴下是ctrl 然后感觉非常蛋疼 作为一个cod玩家 半蹲应该c 完全趴下ctrl啊


好在可以改设置 默认近战居然是鼠标中键。。。。。


炸掉了一堆飞机RPG发射员和狙击手后 你解放了大美利坚

完成了游戏之后 我总结出三个道理


千万别让敌人近身 枪托打人是秒杀的。。。。你按近战速度永远没敌人快


队友总会发给你垃圾武器 敌人的武器永远比你的好用


连发的枪永远没点射的准，，，前两发还行 全自动射击一会你就该满大街找子弹了


这里子弹数量和cs一样多 最多的m249和scar-h也都200.",推荐
"11年的大作，别管他什么贬褒不一，买就对了！

它能让你体验暗杀、操作直升机对地攻击、控制空对地导弹等等高科技玩意，就算没中文读不懂剧情，也不会干扰你玩游戏！

剧情大致就是(涉嫌剧透，酌情点开)。

这游戏光影和水反做的挺好的，不要管画面多差多差，别忘了这款游戏的年份。

推荐打折入，很经典！",推荐
"

当年还是很有话题性的作品，大家普遍将其看作《使命召唤》的模仿者，可惜游戏画面、体量和演出剧情都算不得多优秀，就湮没在了FPS长河中。不过，这还是个合格的游戏，要是能把金门大桥之战的后续也做出来就好了。
游戏给人最大的出戏感还是来源于朝鲜，重设定，轻逻辑，没有给出合常理的解释，当然开场动画也没做到。如果替换某国家，在背景设定上多用点心思，不仅渲染美国人民的苦难，而是多制作一些世界政治局势的材料就好了。B社的《德军总部》做的就很不错，对纳粹统治世界有很丰富的设定。
当然，我玩的这个是免费送的，当然是值得的。
另外，我当时还疑惑过为啥这款游戏的画面有种莫名的熟悉感，后来才想起这是《前线：燃料战争》的制作组，肯定用的是一个引擎。",推荐
"

低配使命召唤？
一开始讲背景的CG严重掉帧，只能跳过，游戏中倒是没事，高配稳定60
还有按E过一些障碍时，必须要让队友先过，不然没提示不让你过
如果把队友远远地卡住，那到过障碍时你得等队友慢慢悠悠的走过来，然后系统才让你过
不过免费领的，挺好的
-------------添加-----------------
非常短，只有7章，最后的boss战（？？？）草草了事
全部剧情大概只有4小时",推荐
国土防线一Win11都进不去。因为这个游戏太老了，没办法，Win11都提示进不去。这个游戏年代已经很久远了，现在的Win11玩不了，有可能那个。 Win7才能玩。我游戏都进不去。怀疑你的硬件太过于先进了，不兼容。现在的游戏都很兼容。现在您以前的游戏都不兼容Win11怎么了？这个游戏我一点都进不去。 上次我试过了一次都不好使进也进不去。以前的游戏只能用用以前的显卡玩，肯定能进去。现在那么**的显卡名这个游戏都进不去。简直白买了国土防线二没白买。你带我的电脑进不去说你不兼容为什么这样？这个跟那个二进制领域一样进个游戏这么费劲现在的游戏进的不费劲。你现在游戏打开也打开不了好费劲。,不推荐
"免费获取的产品

steam补票了，
实名怼朝鲜…


缺点流程略短，环境过于线性…",推荐
垃圾，玩一会鼠标就不能动，得退出游戏重新进入才能玩，一会又不行了,不推荐
中规中矩,推荐
通关。画风看久了像是漫画风，参考无主之地。,推荐
喜加一，你懂得,推荐
其实还行，就是太短了,推荐
刚刚购买感觉还不错，但是我的中文呢，没有中文我看不懂他在说什么,推荐
"

手感有点差，无法调整视角真的很晕。流程中如果不加入报纸这个收集品的话会更加流畅。再说了金门大桥上两台自动枪塔居然能拦得住步兵战车？我佛了。

玩玩单机还，凑活吧，白磷弹这么用真的大丈夫？",推荐
"仅对单人战役评价：
说真的，我都搞不懂制作组是不是专门写这样一个战役剧情，来黑许多FPS游戏的单人部分。虽然还是美式英雄主义，但是有点用力过猛甚至滑稽的味道。NPC主角非常莽，以至于NPC队友都在吐槽他“Not again？！”。所以单人部分甚至让我感受到一种蕴含在荒诞中的快乐。
战役的难度并不高，但是携带的子弹容量比较少。爬梯子的设计比较脑残。大家说到的闪退bug没有遇到过。但隔一段时间会卡1-2秒，所有的画面静止。",推荐
"免费获取的产品

前段时间免费赠送的喜加一，游戏主线流程并不长，四到五个小时左右。
作为一款11年的FPS游戏，画面尚可、爆炸场景和燃烧和燃烧的场景不怎么样。
射击手感个人感觉很差，聊胜于无的感觉。场景互动能力也极差。
敌人AI不高但是枪法奇准，队友的愚蠢让他们比敌人更致命。
单机部分主线剧情没头没尾，各种没有承接和莫名其妙的地方，开场的CG有点意思蛮不错的，但除此之外剧情没什么吸引人的地方。
总体游戏性一般，没官中、多人也没尝试。免费喜加一，给个好评。",推荐
在哪退款？OVO,不推荐
"

背景故事很新奇，朝鲜人的英语还是太溜了，口音都快没有了？？？？操作很流畅，打击感也很强，汉化嘛，六级英语足够了，汉毛化。。。。",推荐
"

感觉不行，操作手感很差，画面也很奇怪，虽然是免费拿的，但是真的不是很推荐。。",不推荐
这游戏贼牛逼，不能切全屏就算了，动不动就无响应，再见了您嘞。,不推荐
"三小时通关，拯救美利坚
优化确实有问题，经常掉帧，不开垂直同步能把人晕吐",推荐
"画面:一般化，及格分，对画质有要求的玩家可以忽略了。
剧情:微微狗血，过程挺谜
总体:比上不足比下有余，COD粉玩过以后大多会觉得好像吃了一口山寨盗版的翔(我相信铁打的战地粉应该连看都不会看一眼)。从2代的发行量和热度来看就知道这游戏设计一定哪里出了问题，而且问题也不少。

相信去玩这款游戏的人，都是冲着背景: 北朝突然崛起然后暴打美帝一顿，建立""专政的共产主义""，然后用红色的革命之火把整个北美大地燎原了一遍。嗯，看似很厉害，但是现实中三胖一定会哭着喊着说臣妾做不到，然后继续屁颠颠地蹲角落里，一边摆搭火箭卫星导弹核武器的发射基地模型，一边乐呵呵的看毛爷爷的《论持久战》。
之前开发商也脸上笑眯眯地透露了:""咱们游戏原本假想敌不是朝鲜，朝鲜人民你们不要那么激动，放心玩，敌人不是你们，原本的设定就不是你们。(虽然朝鲜游戏玩家是稀有品种)""话都说到这份上了，玩家们心里还能没有点数吗？不过也没事，游戏无国界，隔壁男朋友4就做了一个很好的典范，然后就被封杀了，死得透心凉…虽说现在开放了，烂橘子上也可以光明正大地玩了，其实文化部革命老干部们依旧""我看到你们了。""…………这里就不赘言了。
游戏的品质问题，一般化，不能再高了。一开始打得时候我可能因为剧情ip新颖，没注意到射击手感，等几枪子开过，什么鬼？觉得不对劲了，突然给我一种似曾相识又突然一新富有乡土气息的僵硬手感。我特么玩的是威力加强版的VR特警之美帝游击队吗？

最后几句简短有劲的话:说实话虽然我知道假想敌是东方某个充满共产主义气息的超级大国，但是在看到我们朝鲜革命军的突如其来的主战，那种再熟悉不过仿佛放学回家看到在隔壁王大婶包子铺穿着从某亲戚那借来的衣服的老爸嘴里叼着个包子还向你喊着""儿砸快来吃包子。""的感觉扑面而来。……制作商你要改就认真点改，民主悍马民主M4我都可以接受，但是你把这个直接照搬的设定……我觉得妙啊，真妙，""国土防线之此地无银三百两之我们的假想敌不是PRC""。 好的我的简单叙述就是这么多。
划重点:这款游戏娱乐一下，突突突就行。",推荐
为什么下载了 打不开啊,推荐
小学去网吧偶然点开了这款游戏，如此六批的剧情一直深深刻在脑海里。如今6年多过去，重新温故了一遍，TMD才发现，辣眼睛的不止有剧情。。。。。,推荐
"免费获取的产品

emmmm 该怎么说呢？输入法一直弹出来按shift吧，奔跑键也是shift。。。输入法搞得我欲哭无泪，游戏还是不错的。。。联机好歹还有人。可以可以。",推荐
作为一款古老的游戏，在现在看起来确实有点格格不入（画质），但是手感还算可以。但是我很想吐槽这个游戏的剧情，北朝鲜入侵美国？怕是有被害妄想症，游戏从头到尾燃得莫名其妙，搞得我尴尬的不行。也许美帝人民就喜欢这种调调/笑？,推荐
"

喜加一",推荐
"free game, why not.",推荐
"

老游戏了，还行",推荐
打完了单人任务，大概用了4个小时。标准的美式射击游戏，全程突突突，从突击步枪到狙击步枪到车载机枪到直升飞机。游戏BGM、画面渲染、关卡设计、游戏剧情、射击手感都非常美国。游戏质量不错，画面及优化是花了功夫的。多人模式因为延迟太大没有体验，但是看起来有很多熟悉游戏的影子。总之，这个游戏是个教科书级别的标准美式第一人称射击游戏，包括了全部的经典操作和玩法。玩这个游戏的感觉就像，吃了一碗康师傅红烧牛肉面。没有感到太多惊艳，但是，就是这个味儿！,推荐
"免费获取的产品

因为是免费送，所以玩了玩，说实话……真的是玩不下去。",不推荐
"汉化补丁在哪
",不推荐
打不了汉化 就很伤心,推荐
"以玩过现代fps的角度再体验这款游戏就很难受了，枪械无后座打击感比较差。
但是总感觉这里面的剧情有一天能成真。
",不推荐
"

屎一样的射击手感",不推荐
"对这游戏咋说呢。。是对win7用户不好吗。。玩着玩着会爆炸。。人物的脸会有白点。不过对游戏剧情来讲我是表示悲伤。
昨天的喜加一拿的游戏。。
",推荐
"

目前还没有找到一款能用的汉化，字幕还是全大写的，硬着头皮玩了半个小时不到就开始头晕了，不知道是晕3d还是时不时的卡顿造成的。目前感觉剧情还算可以",推荐
多人模式里感觉鼠标操作有点飘，飘的起飞，不过还是很刺激的,推荐
"免费获取的产品

这也就是hb免费喜加一
这要是自己掏钱买的肯定退款了

11年的游戏 人物动作依然做的如此僵硬也是没谁了
一颗手雷过去 敌人全都是一个动作 都不带换样的

队友更是蛋疼 头顶空气墙 脚下如生根
无论如何你都别想再狭窄空间里挤到队友前面去

武器居然美制的居多 怕不是美帝支援朝鲜侵略自己
枪声也有些奇怪 捡到把枪 开了几枪
发现只有第一枪有比较响亮的声音
后续的射击在战场环境下几乎听不清

敌人ai也是各种傻 傻站着让你打那种傻

最神奇的就是子弹飞过来的效果
老哥啊 11年啊
制作组能把敌方射出的子弹做成跟FC机上那种白色圆子弹一样的效果也是够强了
就连FC的90坦克人家射出去的子弹都是一头尖另一头平的子弹型啊
你这飞过来一条线的圆点是闹哪样啊
我还以为你在致敬魂斗罗呢

打了会 首先发现的问题就是地图貌似是区域性的
强行用“跳断崖”、“开门”的方式给你把地图分成若干小区块
开门更是一大槽点 各种开门不用手 要么踹门 要门胳膊肘撞门 就是不乐意用手
物理引擎也有问题 尸体偶尔会鬼畜 自己也偶尔鬼畜
挤到角落里貌似还会掉血

爬梯子 跳地道什么的总得等提示才能进行
如此小心翼翼的让玩家等待怕不是在强行决绝玩家爬早了或跳早了和ai卡住的bug

这游戏如果能坚持打通你也绝不会打第二遍
打通了也顶多是听了个美国人YY的朝鲜打美帝
美帝苦惨还得装英雄的故事而已 毫无爽快感
要是没中文补丁我可能连第一遍都不想打
thq解散制作组不是卸磨杀驴啊 是这玩意真心烂 没内涵的烂
玩了就一会 没欲望想玩下去了
这游戏10分能有个3.5分就不错了
真的不推荐玩",不推荐
"说两个要点，没有汉化，找不到任何汉化包能用这个版本，第二点卡顿。
steam没有中评 如果是三个选项很多游戏我想给中间项，这个游戏如果你是几块钱入的，3或6块，最好是三块那么他是值得推荐的，如果是原价或者以前更贵的价格是不值得的。这游戏以前玩的是破解版，我忘了哪一年，当我玩完的时候突然想起来，我以前玩游戏特别喜欢截图，而且存QQ空间，然后刚才去看了一下是15年玩的，那个时候玩的是中文版。
这个游戏和我在20年，和2革命一起打包买的。买了之后2就玩了几个小时就不玩了，觉得有点卡，是2游戏优化不行，然后就不玩了。配置是r5 1600x和rx580.
然后再说这个1，我15玩的时候电脑配置是i5 4460和r7 290吗，那时候1680×1050的分辨率。也是高画质一点不卡。现在我的配置是r5 7600x和 6700xt玩这个11年的游戏竟然200多帧却一卡一卡的，不知道是怎么回事，理论来说如果卡顿，帧率都在60以内 55-40反复跳。我都200多为什么还卡顿，邪门。冲这点其实应该差评的
然后我还要说，20年买了之后就玩了2，完了几个小时不玩了，21还是22年，我玩这个游戏玩了几十分钟，我忘记我那时候是直接英文玩的，还是找了汉化补丁。
就在我昨天玩的时候，我找汉化补丁，我是那也找不到，找到了2个还是打上去就乱码都是方框，然后我一想 有没有可能跟版本有关系，然后我一看这游戏的版本竟然是1.5版本，汉化补丁是1.0版本，难怪不好用。
但是让我不理解的是，我很多东西别人找不到我都能想尽各种办法找到，多费劲都能找到，除了黑客才能找到的以外。这个补丁我死活找不到了。就那两个还不好用，游戏太老，没人在做补丁了。
那么到底是补丁太老，还是游戏什么时候更新了？所以说我忘了。我21 22年玩的时候，我打没打补丁，如果打了，那就可能是尽三年游戏更新了版本。
要么说起来也不太可能吧，这么老的游戏，多人都没人玩了，能更新吗？那就有可能我21 22年玩的时候我也没打补丁
正常来说游侠网一定会有补丁，最离谱的是游侠上竟然没有国土防线的任何内容了，修改器下载补丁什么都没有 空了。
不知道什么情况。想入的考虑一下。
我想了办法，游戏正常玩，然后用翻译软件在游戏里截图直接翻译，然后每次都得按快截图选区域太麻烦，没法按一下键然后全屏直接识别英文翻译，后来我正常玩，把游戏截图然后玩完了在用软件翻译图片。反正游戏短，也好用，有个大概意思就行了。
就说这么多。还是推荐把。",推荐
作为喜加一不错，真的要玩的话还是算了，智障的队友，百发百中的敌人，莫名其妙的剧情，动不动卡住的模型，本作的武器挺多的，但是一个样式的枪算一种子弹，结果就是动不动就要换枪，枪械射击时的手感太差，瞄准很迷，没有中文什么的和这些一比较反而不是个事儿了。,不推荐
"玩了一下，退款了
这款游戏确实能反应战争的残酷
少见的加入儿童这样的群体
操纵极为辣鸡，很不爽，人物动作如僵尸一般，机械的要死，剧情我就不说了
",不推荐
美国佬经典意淫,推荐
"蛮好的一部作品，除了世界观设定比较有趣，整体剧情打下来还是挺有代入感的，气氛渲染的很到位
至于bug反正我自己是没碰到......",推荐
这手感真的可惜了这个这么新颖IP,推荐
"我们需要中文
We need Chinese
中国語は必要
우리가 필요한 중국어
Nous avons besoin de chinois
Wir brauchen chinesisch
Necesitamos chino
potrzebujemy chin
Precisamos de chinês
Нам нужно китайский
เราต้องการภาษาจีน
Χρειαζόμαστε κινέζικα",推荐
单人战役玩起来还满刺激的啊（虽然流程有点短），还有开直升机的任务，游戏也没遇到什么严重的bug玩起来正常，枪支只能靠捡，种类还可以，剧情方面就是朝鲜入侵美国了然后美国人站起来反抗的故事之类的，多人联机目前没玩。,推荐
7.5/10,推荐
"哇，这盲僧真帅...

不好意思走错片场了...",推荐
"免费获取的产品

手感贼差我就像在打水枪",不推荐
第五关中间有很长一段潜行流程没有存档点，不要乱开枪乱跑，不然就得整个重来。,不推荐
"Somebody still remeber the ONLIVE server?
I'm the so calles ""worlds's the best drone marker"" there.
lol",推荐
"

典型的画虎不成反类犬
剧情白开水
飘忽的手感
迷之bug.......潜行关卡也能大摇大摆走在敌人面前......
极短的单机模式和鬼了的多人
没有任何理由好评啊，尽管是免费送的.....",不推荐
"

还可以吧，中规中矩， 越往后的剧情越有趣，但通关只需要5个小时，意犹未尽。任务其实是有些单一的，剧情上如果能更丰富，设计的关卡多一些会更好玩。",推荐
"目前打通前两关感受
优化：跑的动60fps的COD12，跑不动这游戏的低效55fps
射击手感：其他fps枪械后坐力大体上都是挺容易掌握的（c8延长2.5除外）但这游戏给我感觉就是瞄准射击时用cod一样的后坐力，然后在强制性的让瞄准镜左右偏移，而不是后坐力产生的偏移
横向画面对比略差：这玩意基本上凭个人感觉，但这极高的锐利度看着很难受啊，额且能让我轻微晕3D的游戏这是第二个（第一个是小时候玩的三角洲特种部队）
综合6/10
剧情方面，难得再次看见朝鲜打美帝，还是入侵美国本土+0.5
综合：6.5/10",不推荐
玩过国土防线2那游戏就不用说了太垃圾了看评论就知道，但1却出乎我的预料，作为11年的游戏 现在玩也没感觉画质有评论说的那么烂不知道他们有没有开最高画质，游戏没有中文，网上找汉化打了也没用，我就直接开玩，发现没有中文并不影响，只要跟着npc走就行了，提示按什么键按了就行了，也不用管剧情，因为本来就没多少剧情，大致也能看懂。但内容实在是太少了，我居然3.5小时就通关了，其中还死了很多次重玩了不少片段，还有敌人的伤害有点看不懂 如果一不小心没发现有人躲在附近，他起身居然能把你秒了，这也是我死了这么多次的原因，所以不能太硬刚不然7.8个敌人全都打你死的特别快。另外有的评论说bug多，其实玩下来还好只是有的障碍物会卡人物一下，通过某个狭小处必须让ai先走，最好别太靠近ai 不然会他会卡你位置。射击手感是一点问题都没有，不知道为什么有人说是屎一样的手感。最后一关我尤其喜欢 实在太爽了，可谓是这个游戏出彩的一关也是很类似其他优秀射击游戏的一关，总体这个游戏10分能有个6分吧。68块确实不值，主要还是内容太少，剧情太简单了除了一点小问题 其他方面都中规中矩，联机我也试了下，服务器不多ping太高实在玩不了，如果服务器好一点 游戏变免费 主打联机 多点玩法 我觉得跟战争前线之类的网游有的一拼。,推荐
不好玩!,不推荐
全是激光枪,推荐
"作为2011年的游戏
仅单机剧情不是很长
建议打骨折最低价入手
纯单机手感放到2020年来说有些怪异
不过总的来说游戏质量还不错",推荐
"

当时好像是白嫖的？我不管，你给我白嫖，我就好评

还是说下内容吧，剧情就不扯了，朝鲜入侵美国是真的NB
玩起来手感有点像cod4或者6，后座不大，打击感8太行。毕竟老游戏也不能要求太高，听说多人模式还不错但是我延迟太高了没法玩，线上应该也没几个人在玩了",推荐
朝鲜占领美国，主角化身游击队员与朝鲜人民军斗智斗勇。玩法类似于使命召唤系列，很像使命召唤4，但射击手感不如使命召唤,推荐
"免费获取的产品

画面作为一款2011年的游戏还算不错，枪械手感与打击感一般，任务风格偏向于使命召唤系列的那种线性流程，世界观设定让人眼前一亮，朝鲜称霸世界奴役美国的设定，个人感觉应该是在讽刺美国的霸权主义，剧情很一般，主角英雄主义的献身很生硬，感觉是为了结束而结束。
一款类似于使命召唤风格流程的游戏，整体游戏素质一般般，不太推荐购买。",不推荐
6个小时完结，利用午休时间每天打半个小时，740的显卡居然可以很流畅的跑，剧情不错，音乐不错，画质凑合。枪支的音效声音小感觉不刺激。等二代降价吧~ 总体4/5分吧,不推荐
"

画面还可以，光影其他的都还可以，问题是
找不到有效的汉化补丁玩啊PPPPPP啊！！！！",推荐
"朝鲜差点统一世界，可以说十分幽默
当然看装备完全明白是neta的中国

射击手感还不错，但关卡的设定完全经不起推敲
遥控车强到离谱，秒天秒地

时隔6年我终于能在Steamdeck上捡起开头那把手枪
噢，PC还是不行
",不推荐
"是一款被低估的优秀游戏。
短小精悍五脏俱全，唯一的遗憾可能就是战役较短。
战役部分无bug，可放心体验。",推荐
狗屎,不推荐
"

脑洞不错，可惜跟错了公司，让B社来做的话绝对又是一款3A级别大作",不推荐
"我直到通关都没遇见一个bug，射击手感还不错，至于想补票或体验剧情的我只能说仁者见仁智者见智了
",推荐
"剧情挺有新意的，把米国对红色恐怖的描写尽露无遗。其实的确有《国土防线》原著，不过里面入侵米国的国家是另一个比朝鲜更有实力的国家……咳咳。剧本除了感觉Rihana一开始有点圣母外还行，非主角一行人外该挂就挂毫不拖沓。

好了，优点我说完了。

我的第一篇差评评测

很早就D版通了这款游戏，几年前趁着打折补票，然后放着没动。后来等级升级了，个人资料页可以安放成就了，看这游戏里的几个成就挺好看的于是拿来打打。真尼玛后悔。

像COD那样露头挨打，根本不可能。游戏真实的一批，你视角看着的是墙角，其实你的身体（角色体积）已经出去一半了，敌军又个个是神枪手，都不用露头就被打死了。那么可以偏头吗，答：不可以。

简单难度还行，问题是要“游击队”难度才能解的成就，靠墙角==死。最有意思的是，RPG兵又如狙击兵一样，起码在墙边被突击步枪打到了还呻♂吟两下，你能感受到那种刚到墙角觉得自己在掩体里然后被不知从哪冒出来的RPG打中……不对，是狙中的感觉吗，一炮死。露头就被炮狙，猥琐躲起来吧，角色位置不到固定地点敌人无限刷，所以无限检查点重启，通关全靠运气。第五章的最后，游击队难度，你们自己去感受吧。

如果说拿游击队的几个成就，多死几次运气爆棚就过了，真正让我卸游的是铁人成就。不限难度，全程不能死，还他妈的不让检查点重启。有人说你这不是矫情吗，都不限难度，那你去玩简单难度不就好了。好的，让我们看看第二关：

import random

while 玩家还没有卸游:
....喂给他5分钟跳不过的剧情
....喂给他5分钟跳不过的跑路
....if random.randint(0, 1) == 1:
........让他在爬梯子的时候掉出地图 #这样玩家就要从章节头重来
....喂给他5分钟跳不过的剧情
....if random.randint(0, 1) == 1:
........让他在坑道里的时候NPC挡住去路无法开启下一个剧情触发点 #这样玩家就要从章节头重来
....if random.randint(0, 1) == 1:
.......让他被不知道什么时候飞来的手榴弹空爆爆头 #这样玩家就要从章节头重来
....喂给他5分钟跳不过的跑路
....if random.randint(0, 1) == 1:
........让NPC把玩家怼到敌人轻机枪扫射面中让他无法后退 #这样玩家就要从章节头重来
....if 玩家过于固执忍到了最后摧毁两个炮塔的地方:
........让炮塔突然爆发把玩家打死在必经之路上 #这样玩家就要从章节头重来

……非受苦类游戏爱好者，卸了卸了
你要是执意玩，那我祝愿在你的电脑上遇不到BUG……

对了，还有一件事：
",不推荐
"怎么说呢？对这游戏的感觉，我得扯得很远。
必须得提两个人，一个是敖厂长，另一位是早已退隐幕后的老湿。
也必须提两个节目，一个是《囧的呼唤：最烂的FPS游戏》侠盗勇士，当年厂长是拿国土防线这玩意儿和侠盗勇士作比较的，突出的就是一个画面对比和剧情对比，那深情的对视加厂长富有激情的解（喷）说（了），给幼小的我留下了不可磨灭的阴影，当时的我就十分好奇了，奈何当年我那本破笔记本运行cs起源都TM能十分钟弹出，所以只得作罢。这是玩游戏的原因，俗称前情提要。
另一个是老湿的《不吐不快》第二季第二集——山寨啪啪好莱坞，对，“山寨！”，划重点，要考。迄今为止我都记得老湿深情并茂的讲述着The Asylum这个神奇翻拍公司的光荣理念“多劳多得，包产到户，少生孩子多种树”（这句话曾一度成为我的口头禅）并且他提出了一个哲理问题——“山寨的意义是什么？”——这特么也就是我玩了国土防线的感觉，说句大实话我也没啥资格说这句话，因为我个人恨动视恨的咬牙切齿，而动视最出名的是啥？没错就是COD，我就玩过COD4，不管过哪个板块的人都死命吹的上存在，瞧瞧那个重置版让多少人疯狂。但就给我个人感觉，2011年的《国土防线》甚至都比不过2007老版COD4，无论是射击手感还是剧情，这让我不由得感叹，娘哎，你是真的不行啊。
PS：老湿那集不吐不快厂长有出来互动，言论简直了。
PSS：这游戏真不好玩，花了6块钱满足好奇心也算了解我多年的心愿。
PSSS：这个推荐意思是慢慢等，这游戏迟早免费送。",推荐
"免费获取的产品

垃圾的一批的射击手感，还不支持手柄",不推荐
第四章，主角一队人把那辆哥利亚炸了开门的时候，我竟然为了这台机器生起一丝感动。。。,推荐
很棒的一款游戏而且最近打折来了很多NOOB新开了很多服务器（虽然自己也能开）现在即使不要VPN玩下来 也十分流畅这游戏的黑科技就在于延迟500以下几乎不卡，在玩法上我认为在COD和BF之间找到了完美的平衡点，真是COD的快节奏和爽快打击感和战地系列大场面的完美结合！,推荐
初中有幸在XBOX上玩的，当时一直没通关。如今坐下来专心打没想到剧情这么短 。39也算是给青春情怀买单了。,推荐
老游戏了 以前玩的盗版 现在补票 什么都是老感觉 很棒 感觉游戏AI不友好的都是玩的菜 就这么简单,推荐
题材很是噱头，然而实际游戏体验蠢得要死。,不推荐
"产品已退款

本来不3D眩晕的都晕了，而且不支持中文",不推荐
"

如果我看懂了他讲的是什么故事的话，我可能会认为他是个好游戏。",不推荐
"

这2011年的游戏 人物动作，射击手感 还没使命",不推荐
"

真的像使命召唤，和使命召唤一样有蛋疼的输入法问题，它还来了个升级版，一出毛病，马上黑屏，我每当顶着200+ping跟其他人对枪，时不时就TM黑屏，你说气不气，这游戏怪不得免费送，以前老听舍长玩这个，还以为蛮好玩的，没想到我上了贼船。",不推荐
"

垃圾游戏",不推荐
"

剧情：队友不仅傻逼，枪法差，而且还经常卡我位。

对战：服务器感人，即使坐标在美国也没法摆脱在美国服务器掉线问题。",不推荐
优化一坨屎，题材是不错，但是游戏真的不行,不推荐
u1s1 只是单纯想看看北韩入侵USA,不推荐
"尽管敖厂长给了好评，但是游戏中给人的感觉确实不尽人意
一、蜜汁AI
队友总是不射，射出来也射不到敌人脸上，永远需要你去清怪
敌人射的太猛，不管你能不能看见，只要有个小缝敌人就能射你一脸，而且是突突突10秒不停的那种
二、单人剧情
流程很短，即使我中间暂停一段吃瓜去也只打了4.6小时就通关了
即便是这样，游戏中也一直在靠AI开门、AI爬梯子、跟随，等待AI跟上来这样的方式拖延时间
打不了汉化补丁，英文剧情虽说可以看下去，但啃不出什么有意义的点，剧情单薄
主题不错，幻想南韩入侵，人民和军队奋起反抗，但游戏剧情关联度有限
总有种“突突就完事了”的感觉
三、多人联机
应该是太久了，加之很多不足已经没人联机玩了
四、游戏可玩性
突突完就可以卸载了，没有开放世界，枪械种类很少

总而言之，游戏的优点比不上缺点，让我玩的很心塞，一直有种赶快完成任务然后卸载的感觉
第二代弥补了这一代诸如画面、可玩性、剧情等不足
所以，例行来个差评",不推荐
真的很垃圾 各种问题 打上补丁各种错误,不推荐
这游戏有BUG吗？我怎么没遇到过的？11年的游戏还是不错的，任务不知道干嘛，任务都有提示的把字幕打开看字幕，还不知道，就去查英文字典,推荐
很有意思的游戏，虽然总体游戏模式是模仿的老使命召唤，但是剧情设定很新颖，玩法丰富，流程紧凑，而且大场面很震撼。,推荐
"免费获取的产品

这次是免费领取的，很快的打完了，感觉故事太勉强，带入的不够到位，大概是感觉游戏故事作者过于煽情和制造画面了，游戏中打击感还好，节奏也很紧凑，综合下来还是好的地方多",推荐
我没有见过比这更垃圾的fps游戏,不推荐
"无中文就算了，连英文字幕都没有
真是一场酣畅淋漓的吃史",不推荐
真的垃圾，声音还丢失，莫名其妙死，敌人各个都是神枪手。COD味太浓了，关键是做的还垃圾，国产的光荣使命都比这个强,不推荐
"游戏性不如使命召唤系列。
敌人特别傻。美国居然被这帮人打下也真是耻辱。",不推荐
莫名其妙的卡鼠标无法转向,不推荐
"手感奇怪就算了，但是为什么进个门要队友先进去我才能进去？队友在后边又贼磨蹭，往往要在门前等上十秒。
剧情，什么玩意哦，看到家园被毁人被杀的那一段，我的心里毫无波澜。
这都什么人物塑造？
对不起，第一次差评。",不推荐
"免费获取的产品

优点想不到什么突出的
缺点倒是挺多：蜜汁键位提示，耳晕目眩的特效，较差的设计感，还有ESC+CTRL不能切出，必定卡住。",不推荐
蛋疼的操作设置，优化堪比吃鸡。。,不推荐
"不得不说...确实...有点烂...
缺点真的太多了，只能说我真的不想再玩一次了。",不推荐
"辣鸡游戏
设置Very High + 1080P瞬间报错闪退
没有中文",不推荐
"免费获取的产品

CG有声音，过了CG就彻底安静了，开始以为角色是聋子，退出验证完整重进，还是没声音。上网搜了一下，原来网上下载的硬盘版盗版会有这个问题，可我这个不是盗版啊，也从来没下过这个游戏
垃圾游戏卸载了",不推荐
补测评，很早前通关的一直没写，国土防线1感觉作为射击游戏还是中规中矩的吧，没有太大的特点，但又不失爽快，2代简直了，玩到一半就玩不下去了,推荐
"免费获取的产品

没通，4/10",不推荐
"抄袭CF

+有创意的多人游戏（需要蓄点买技能
+有训练模式
+武器多样化的自定义

-DLC喷子太棍
-单人剧情短CRY
-鬼服",不推荐
"这个游戏是一早发预售就关注了，只是觉得朝鲜打世界有点狗血。主要是冲着深银的牌子。买了就后悔了。

勉强打了单机就在没玩过，联机服务器PING太高了，就是高PING也没有几个服务器有人。

失败的游戏，除了宣传广告任务头像很酷，预告片很酷。游戏整个都很一般。当然这是我早期买的正版游戏，还没有经验。

有兴趣的朋友可以趁打折玩玩，这两天正打折那，呵呵，为多人联机凑凑人气。

除了这个头像一直用着，其他就呵呵了。


=============================================

更新，

已经不用这个头像了，发现很多逗逼使用这款游戏的头像。可是他可能根本都没玩过这款游戏。",不推荐
就因为霰弹枪不能装弹中途停下来射击就应该给差评了，还有这难度我也不想说了,不推荐
日了狗了 是谁做这游戏。这么多射击游戏里我从来没见过这么恶心的游戏，动作巨僵硬，我还以为是我设置问题，找了半天也没照出来是哪问题，走路跑步就像刚打完麻药反应迟钝的要死,不推荐
"这是一个 不说话.遥控小能手.捅菊花.Jacobs 和 无敌.技术男.手滑党.Hopper在 无敌.急脾气.正面刚.Conner 和 无敌.近战绞杀. 略无存在感.Rianna的带领下一路捅侵略者菊花过关的类COD游戏
玩了单机部分没有任何想玩联机部分的欲望
准星提示居然是击中而不是击杀....",不推荐
没中文，玩起来很吃力。,不推荐
没有汉化，只能边看攻略边玩，单人剧情很短，就是无脑突突突，脑洞很大但是很没意思,不推荐
"我们需要中文（加长版26种语言）
Χρειαζόμαστε κινέζικα
We need Chinese
Ne kemi nevojë për kinezisht
Nous avons besoin du chinois
Pêdiviya me çînî ye
Sidinga isiChinese
Kinahanglan namon ang Chinese
Tinoda Chinese
نحن بحاجة للصينيين
Kailangan namin ng Intsik
Nos postulo Sinica
Sidinga ama-chinese
Waxaan ubaahanahay Shiinaha
Մեզ չինական է պետք
እኛ ቻይንኛ እንፈልጋለን
Tarvitsemme kiinalaista
Mums vajag ķīniešu
हामीलाई चिनियाँ चाहिन्छ
Ба мо чинӣ лозим аст
Anyị chọrọ China
Çin dilinə ehtiyacımız var
Wy hawwe Sineesk nedich
ພວກເຮົາຕ້ອງການຄົນຈີນ
Vi trenger kinesere
మాకు చైనీస్ అవసరం
",不推荐
"免费获取的产品

玩了半小时差点吐了，镜头太晃眼。。。。。。。。。。。。。。。、",不推荐
求v1.5版本 汉化 。。。。。如果 这样还不如 去 某D下载 。。。,不推荐
"

免费领了之后打了3大妈的汉化，直接乱码了，有谁能帮我解决吗",推荐
"

通关打卡。差评是指用2020年的眼光来看，已经不值得入手了。
单人流程不长，3小时多一点搞定。体验下来各个方面都比不上同时期的使命召唤。
游玩过程中：
1.遇到一次跳出；
2.遇到一次队友卡门，被我用身体拱回正路；
3.遇到几次AI迷惑行为；
不过有一说一，这辣鸡游戏每关还都能搞点新花样，这个倒是值得夸一波。",不推荐
"单人模式故事性老套，传统主角加一妹一辅一补，整体关卡设计乏味无比，而且容易犯困，高中低难度没多大差别（敌人枪法都一样准^^只是低难度自身血恢复得快些）。战斗场面也就那么回事，但和同期的cod系列比差了不止一个档次。

多人模式还蛮不错的，手感和节奏感制作商都掌握的不错，至今仍有不少‘顽固’玩家为之一玩。",不推荐
不知道什么bug，人物只能按ctrl才能移动，差评,不推荐
"剧情就是一群老美对朝鲜的YY，吐槽一下后期朝鲜兵穿的和未来战士一样=_=,作为一款二线的FPS，单人战役部分没什么亮点。多人部分到是比较有趣的，职业丰富，技能繁多，而且直到现在在线人数也不少，竞技性十足，可以推荐作为COD或者 BF系列闲暇时间的替代品。",推荐
"

打汉化没用",不推荐
各种BUG，11年的画面连HL2都不如。当初居然还敢卖49.99刀真是脑袋有屎，连COD1-2都不如。近景全是贴图。毫无打击感，人物纸片感。看到今天打折，就喜+1了。现在有点后悔了。。还我7刀！！！！,不推荐
"

如果玩过像使命召唤这类FPS游戏的真心不建议玩这个，贼蛋疼",不推荐
"射击手感还不错，至于想补票或体验剧情的我只能说仁者见仁智者见智了
PS.游戏某一关的过场中会出现填满美国人的尸坑，而我们的主角John Milius（玩家就是个哑巴）看到这一幕会气的对北傀破口大骂然后直接开干，但我立刻联想到历史上以美国为首的联合国军在朝鲜半岛犯下的反人类罪行再对比这剧情，他骂的越狠我就越想笑",不推荐
"

不谈了，我玩荣誉勋章去了",不推荐
"

如果只用一个字形容这游戏，那就是烂，两个字那就是很烂。画质不咋地，毕竟12年的游戏，没什么好说的。
汉化网上有游侠和三大妈，但好像因为更新所以不能用了，就是说2020年除非玩盗版，否则已经没有汉化了。
如果想着来体验下使命召唤的感觉，我建议出门右转某宝直接买吧，不要把时间浪费在这个烂游戏，这游戏的AI非常迷，敌我都是很迷，幸亏是免费领的，还算不亏。",不推荐
这是一款神预言的游戏，当然我指的是某人之死。时隔多年前来补票（虽然是免费领的），去HB网站现在可以免费领取这款游戏了。没有官中，字幕难看，不过好在说的话能听懂，而且按照指示行动就可以了，也不用在意他们说的啥。3D眩晕者甚入，玩了一会儿感觉要吐了。。。,推荐
"

免费获得的游戏，玩起来有种使命召唤的感觉。",推荐
"

虽然是免费拿的 但是emm
1.流程太短 我这里非全成就普通难度4个多小时通关 。。。
2.射击手感迷 而且这么短的流程还要这么多枪干嘛233
3，剧情感觉有问题啊 这美国空军缺油但是也不是3车油能解决的啊 2333除非我理解错了",不推荐
"【关于体验】
1、如果是正常启动体验，没有bug，但使用了修改器则会出现很多bug，包括但不限于：NPC不正常走路导致任务卡住无法继续进行；游戏中鼠标突然无法移动或彻底卡住、而暂停菜单内一切正常；游戏莫名其妙整个卡死、但任务管理器却没显示“未响应”等状态提示……已测试风灵月影和WeMod均存在该问题，即便CE修改弹药数据也同样会出现这个问题。根据程序开发经验推断，与反修改器无关，仅仅因为游戏程序做的太烂。
2、没有中文，没有中文，没有中文！即便汉化成功也会有诸多字符莫名消失或出现读音错误，就离谱！
3、难度设定也十分离谱。最简单到最难区别几乎没有，最简单敌人三枪死玩家八枪死，最难敌人八枪死玩家三枪死，但是敌人武器射速普遍每秒15发以上，对于绝大多数玩家来说，自己0.5秒死和自己0.2秒死有什么区别？不要想血量的问题，玩家血量内存数值是1.0，对没错就是一个比例值，游戏开发组甚至不舍得给你写个100数值在内存里。
4、手残党仅仅用了5.5个小时就通关了，啊对了，中间还有一个小时暂停了游戏去做饭吃饭。
5、声音经常丢失。刚开游戏还好，过一会儿脚步声就没了，跑步跳跃都没有脚步声，再过一会儿m4系列的枪支的声音就消失了，对，只有m4系列枪支的声音会消失。别说我电脑配置什么的，我电脑跑《赛博朋克2077》最高画质加最高光追都能稳定60帧，而且CPU和GPU不超80%，游戏加载速度快到等待加载从来没超过5秒钟，谁再说我配置不行跑不动这古老游戏我直接一个大逼斗。

【关于剧情】
朝鲜科技发达了，把美国搞分裂了，朝鲜还坑杀了无数美国人……1950年美国出兵干涉朝鲜，并屠杀了六位数朝鲜平民……这游戏完全把历史反过来写，还强行弄成“美式爱国”，想弄啥？

【个人总结】
别说原价68块钱，打折这13块我都觉得亏。仔细想了想，小时候玩的盗版，后来steam买了第二部《革命》，steam回来补票买了一代，我他娘就是个傻逼。",不推荐
"短评
这款游戏在朝鲜肯定是玩不到了


吐槽
-僵硬的动作
npc一个个都和面瘫一样

-鸡肋的交互
倒是可以和npc对话，但是不存在选项的对话为什么不做成走近npc自动触发？
在可以对话的场景中，人物走动速度也慢成龟龟，谁会有心情一个个找人说话？

-BGM的主旋律透着一股土味
配乐得给负分，不知道谁写的，像是小作坊赶工出来的一样，还不如全程静音。

-莫名其妙的剧情
三胖凭什么动手？
毕竟，他们要真有那个实力了，为什么不就近先在亚洲开刀？
人家孤岛危机里面的也没说就仗着科技就去打老美了嘛。
有这些奇奇怪怪的科技，你把朝鲜军队换成外星人不是就很好？

+尚可的射击手感

+小细节不错
手雷捏在手里不扔会炸，掩体会被机枪射穿

+尚可的画质
建模勉强还是能拿得出手

和同年发售的使命召唤：现代战争3相比，这作就是被全方位吊打的弟弟。
多人模式我没试过，不知道是不是如评论区老哥说的那么震撼。
就单机模式而言，不推荐入手。这个游戏，不值得浪费时间去玩。

本作严重损害了朝美两国人民的友谊，我代表两国人民对制作组表示谴责！
狗头保命",不推荐
"我们需要中文！
We need Chinese！
私たちは中国語が必要とします！
请顶我上去，谢谢。
Please praise me, thank you!
ありがとうございます、ありがとうございます！",不推荐
游戏很糟糕，毋庸置疑，但是比同期的逆战好一万倍，我还是决定给个好评~~~,推荐
"这游戏画质一般 剧情短而狗血 当初买来是为了 联机 结果发现没人了 把剧情过一遍就删了
这游戏是THQ做的 多多少少 还是不错的",不推荐
"

中规中矩的单机FPS，无论画质、细节还是剧情，都处于比上不足、比下有余的尴尬境地
如果不是实在找不到游戏玩了，不推荐购买。
另外游戏中的朝鲜其实影射了中国，第一关的朝鲜坦克都是解放军的96式贴个朝鲜国旗",推荐
使就是使，不会因为你是收费或者免费就会有所改变的，一款游戏毁了一个系列。,不推荐
"

这是我玩过的最糟心的游戏，幸好是送的",不推荐
单机剧情玩了两关就玩不下去了，普通的突突突游戏，没什么出彩之处，唯一的脑洞剧情也没什么带入感。,不推荐
"政治正确游戏，虽然好玩但是还是要给差评
",不推荐
"

流程很短 场面还行 模型啥的比较老游戏了",推荐
"

单人模式不怎么样，玩的正常难度，主要看点是设定，剧情有点神奇（脑回路奇葩
多人模式懒得玩
画面过时了，汉化补丁不能用
不过反正是HB送的",不推荐
"

奇怪的色调－
糟糕的手感-
模糊不清的提示指引－
100%抢占掩体的队友－

成功预言金三胖上位+

1/10 一分就给成功预言，不能再多。

——————————————分割线———————————————

这游戏的彩色色调，给人一种强烈的违和感，就跟在蒙娜丽莎头顶加一个彩虹小马一样。

游戏的武器很多但全部武器的手感几乎都一样，你直接给我固定一把算了。
腰间射击准星大得跟霰弹枪似的，那就当你是鼓励玩家用机瞄了，但机瞄的减速太夸张，手感感人。
明明是一个突突突游戏却一点爽快感都没有，有的只是在掩体后蹲着，然后获得敌人手雷一枚

手雷丢到你旁边会有一个手雷标识警告，但是你永远不会知道这个手雷掉在哪个地方，冲出掩体又会有敌人的火力，然后就只能看脸了，看这个手雷离你近不近。",不推荐
"不瞒你说，临时工让我花了两w买了这游戏的2代……
⠄⠄⢿⣇⠄⠄⠘⣆⢀⣼⣿⣿⣿⣿⢿⡿⣿⢻⣿⣿⣿⣿⣿⣿⣿⣟⢧⡲⣿⢷⢦⡀
⠄⠄⠈⣿⠄⠄⠄⢙⢞⢿⣿⢹⢿⣦⢏⣱⢿⠘⣿⣝⠹⢿⣿⡽⣿⣿⣏⣆⢿⣿⡞⠁
⠄⠄⠄⢻⡀⠄⠄⠈⣾⡸⡏⢸⡾⣴⣿⣿⣶⣼⣎⢵⢀⡛⣿⣷⡙⡻⢻⡴⠨⠨⠖⠃
⠄⠄⠄⠈⣧⢀⡴⠊⢹⠁⡇⠈⢣⣿⣿⣿⣿⣦⣿⣷⣜⡳⣝⢧⢃⢣⣼⢁⠘⠆⠄⠄
⠄⠄⠄⠄⢹⡇⠄⣠⠔⠚⣅⠄⢰⣶⣦⣭⣿⣿⣿⡿⠟⠿⣷⡧⠄⣘⣟⣸⠄⠄⠄⠄
⠄⠄⠄⠄⠄⢷⠎⠄⠄⠄⣼⣦⠻⣿⣿⡟⠛⠻⢿⣿⣿⣿⡾⢱⣿⡏⠸⡏⠄⠄⠄⠄
⠄⠄⠄⠄⠄⠸⡄⠄⡄⠄⣿⢧⢗⠌⠻⣇⠿⠿⣸⣿⣿⡟⡐⣿⠟⢰⣇⠇⠄⠄⠄⠄
⠄⠄⠄⠄⠄⣠⡆⠄⠃⢠⠏⣤⢀⢢⡰⣭⣛⡉⠩⠭⡅⣾⢳⡴⡀⢸⣿⡆⠄⠄⠄⠄
⠄⠄⠄⢀⣶⡟⣽⠼⢀⡕⢀⠘⠸⢮⡳⡻⡍⡷⡆⠤⠤⠭⢸⢳⣷⢸⡟⣷⠄⠄⠄⠄
⠄⠄⣴⣿⢫⢞⣵⢏⡞⠄⢸⠄⣛⣗⠩⠄⣰⣚⠒⠂⣀⡀⢸⢸⣿⣧⠇⡼⣧⠄⠄⠄
⢠⣾⢟⡴⢫⡾⣱⢟⠄⠄⢸⠄⢈⡓⡮⡦⡬⠽⡠⠄⠔⠄⢸⠈⣿⣿⡄⣷⢹⣆⠄⠄
⡿⢁⠞⢀⣿⢣⠇⣿⠄⠄⠸⢀⢳⢣⣗⣿⡇⡔⠄⠔⠄⠄⢠⠄⠹⣿⣷⡝⣧⢻⣆",推荐
"安装3DM的中文补丁
把游戏目录下GCGame\CookedPC\IpDrv_LOC_int.upk这个文件删除。进游戏就有中文了",推荐
"

很多bug，多到无法通关，",不推荐
内容新颖，但画面感人,推荐
"

屎",不推荐
千万别买！！！,不推荐
游戏反人类,不推荐
"

别买！谢谢！

就算真的想买请买2！谢谢！


",推荐
"免费获取的产品

免费喜+ 1 给个好评 还可以",推荐
"免费获取的产品

喜加一，差评给脑残NPC队友，各种bb不停卡位置。",不推荐
我觉得我不会再见到如此辣鸡优化的游戏了。,不推荐
剧情少就不说了 ，最可气的是我玩到第七关最后出现bug导致不能通关，我上网看了第七关的视频最后和我玩的不一样，我也不知道怎么回事，那个装甲车总是一炮让我game over，视频中会自动躲开。郁闷！！！,不推荐
没有中文打了补丁乱码加vac本来想体验剧情只能去下盗版了,不推荐
剧情我给10分，朝鲜统一东南亚，攻占美国本土，简直是梦幻般的情节。但游戏本身我给1分，垃圾AI队友，各种漏敌人，糟糕的音效等等。很多时候不明觉厉，不知道该干什么。,不推荐
创意这东西除非很前卫否则不能当饭吃。制作组还是把重点放在游戏基本表现上吧,不推荐
"免费获取的产品

玩了半小时实在玩不下去了，这是第二个会让我玩得头昏想吐的游戏(第一个是半条命)，屎一般的射击手感，后坐力基本没有，画面放在当时还算过得去，个人评分5/10",不推荐
没想到那个能玩到这个游戏是理所应当的年代就是巅峰了，怀念那个还有一丝开放包容的的年代,推荐
"纯尼玛傻逼游戏，不知道怎么跑库里来的，我真是闲的蛋疼下载来玩，虚幻三的远景和枪模是这游戏唯二的遮羞布了，其他都是垃圾狗屎，最高画质手雷扔身后转身过去连烟都没有，所有交互都是qte，敌人枪塔只能用手雷炸，榴弹明显威力大就是不行。
本来不讨厌现实架空的世界观，这吊游戏你把美国描绘的地狱绘图，结果这群美国人根本让我同情不起来，美式装备在身，有牛逼的遥控导弹车，走到哪杀到哪，发射白磷弹还自称弱者？",不推荐
喜加一好评,推荐
"

起评分：5/10
不到4个小时就把只有7关的主线玩通了。。。不过反正是免费拿的，突突突游戏也就讲究个爽快，画质剧情等等都不多要求什么了：5*（1+4%+7%）=5.5
北朝鲜占领美利坚的设定还是挺那啥的——暂且用“新颖”形容吧：5.5+3=8.5
其实这个2011年发售的游戏最神奇的地方在于片头动画——预言了金二胖会在2012年去世，具体日期和现实仅差3周（此处应有三胖之鼓掌.gif）：8.5+3=11.5

最终得分：11.5/10

PS：这游戏单人流程太短，多人的话肯定不如最新的FPS火爆，实在没法点推荐啊- -",不推荐
"产品已退款

好吧，我承认这是一款经典大作，但还是让我在游玩了1.4个小时之后果断退款。WHY？
首先，没有中文
其次，默认设置的鼠标灵敏度太高，调到最小还是非常晕
再其次，剧情比较垃圾（@三月半）
又其次，枪械的刻画太粗糙，满地捡枪，我还以为是PUBG
但让我退款的主要原因，还是游戏的操作手感。我在PUBG练成的骚操作，全被这个游戏祸害了

总而言之，我不推荐这款游戏，我当时买就是为了想找个FPS玩玩，我也不能用现在的眼光评判一款6年前的游戏，具体好不好，还要看你们了",不推荐
"

多人模式里面很多 TK队友的， 真的很烦 。",推荐
枪开火的音效是我玩过的fps游戏里面最差的 很难想象音效如此恶心,不推荐
"（以下仅为单人模式）
还是先说缺点
1.BUG太多了BUG太多了BUG太多了...比如画面自动右移 尤其是狙击的时候根本别想打中 以及画面突然不能左右移动了etc.（主要扣分项目）
2.人物动作僵硬，钻洞进房子时的场景间切换不够流畅，还有第二关开头的那个大叔，手脚完全不协调，手摆动频率和迈步子频率不一致
3.逻辑不通，悍马大的玩意（就是那个黑科技无人车）居然能硬吃得住那（疑似99A）主战坦克的主炮两发的。。。最后BOSS也是个无人车，但是却被主角用三管机枪灭了...
4.AI的智商还是不太够...并不是说玩家能靠AI智商不够欺负对方，而是敌军和友军的AI间拿着枪对冲却谁都没看见对方还各自停在对方面前换子弹什么的...
5.剧情好短......

政治敏感问题不谈了...还有屠杀什么的...

优点
1.脑洞够大脑洞够大脑洞够大（主要加分项目） 比如朝鲜扩张并闪击美帝的游戏背景，黑科技无人车，智能但不聪明的哨戒炮塔
2.射击是一个FPS游戏的核心，且不说枪械手（鼠标）感如何，就说腰射限制加大，扫射和移动中腰射基本不可能打中人，也算是在一定程度上还原了现实吧...
3.最后一关场面宏大，战争氛围浓烈，各种主战坦克，步战车运输车直升机战斗机还有步兵混战于金门大桥之上，最后一幕KPA装甲部队缓缓压过来的场景也很震撼（然后莽夫队友举着信号棒冲了上去，为何我想到了螳臂当车）
4.BGM不赖
5.飞行载具赞，简单并且爽快

最后还是得说一下BUG，实在是有点多，对游戏体验影响略大
7.8/10
剧情党玩一遍就差不多了，成就党...慢慢刷吧，有些关强行两遍（比如纵火导弹那关一个成就是杀五个着火的另一个是不杀着火的）才能弄够成就

··················································································································································
尼玛如果不是整天KPAKPA的喊我以为我打的是地球联军，单兵武器美械，单兵反坦克武器魔改RPG-7，轻型车辆是悍马，APC没认出来 但是是毛子风格，坦克是天朝ZTZ-99A，飞机毛子SU-47

美帝这边飞机挺新颖不过我怎么看怎么像毛子的T-50呢

一个主角 一个莽夫 一个圣母 一个技术宅拯救世界，恩",推荐
一，没有中文，打补丁不好搞。二，流程较短。三，画面落后。四，动作，场景，射击感极其僵硬。,不推荐
感觉挺无聊的,不推荐
"免费获取的产品

该游戏是免费领取的游戏中，不建议游玩的那一种。

",不推荐
侮辱智商的背景设定，令人窒息的操作手感。真不知道出这种游戏是为了什么，就为了喜加一么。,不推荐
"

走路被各种物体卡住，服了
手枪比AR好用，只可惜后面不给手枪了
“FBI ! FBI ! FBI !""
AI走位风骚，经常被AI暴打得不敢出去
没有QE侧身，navie
躲掩体也没有互动，看半天键位设置没发现有能探头出来打枪的按键。。。还不如三角洲部队
M4用着莫名其妙的一倍镜

剧情，政治敏感，加上我英语6级没过，不做任何评价

直升机的热成像弄得人眼瞎


2居然又打折了",不推荐
喜加一，没有中文 ，下来随便看看。,推荐
垃圾中的战斗机,不推荐
2017年再玩这个简直像是上个时代的游戏真的是难受,不推荐
"

卧槽我配置都超过推荐配置了玩这游戏还是跟玩屎一样，
全低画质1280x720帧数不超15",不推荐
"

HB免费送的游戏 不过不推荐玩 这手感 这画面 感觉跟国产网游差不多",推荐
莓果政治正确的游戏就像mg小品一样无聊，打枪必须开镜，我维护世界和平总回家干什么？？不如荣誉勋章,不推荐
哈麻批日怪游戏，哈~tui~,不推荐
"

有知道怎么汉化的吗？",推荐
"

嗯 ， 首先 好评打上，这款游戏初中 玩过盗版，现在、也算入正了，此游戏的剧本由著名导演科波拉完成的 ， 所以当初完全当作一部电影来玩的，游戏剧情也没有让人失望，就是有点短。现在这以是6年前的游戏了，刚才玩了一下不经想起六年前玩的时候各种各样的BUG，时隔六年不变的还是当初蛋疼的BUG，这个游戏画面当初玩也算中上，现在真的不行了，不过它也不是以画面标榜的游戏。说句题外话：1，这游戏现在看简直像个半成平，2，当初真没想到这游戏会出第二部。",推荐
"

bug不知道多不多不过光我玩的一小会就遇到了两个，还都是恶性bug直接影响游戏流程。并不知道该怎么解决。
这个游戏本来就是多人一起爽不过联机好像鬼了。流程是没什么营养的社保，本来游戏就没什么特色。再加上恶性bug。
给个差评不过分吧，虽然是免费领的。",不推荐
"这个游戏唯一的优点就是故事设定，三胖打败了不靠谱。
玩着玩着就感觉很晕，想吐。玩玩了那么多fps游戏，这是第一次遇到这么强的反应。",不推荐
"首先声明下：我的1070最高画质单人剧情没遇到任何BUG，没感觉到优化不好的问题。
点射爆头打击反馈什么的手感都OK，任务提示明确，不会迷路。
剧情比较传统，火箭筒，开车，开飞机应有尽有。都体验完了也就通关了。
风景很美。适合截图。队友AI很棒，能帮你杀掉很多人！并肩作战的感觉很到位。
结语：感觉游戏核心是揭露战争的残酷，向往和平，所以美国能不能少挑事？",推荐
就当一款普通的fps游戏就行,不推荐
"美国佬真是狗，游戏里描述朝鲜人民军屠杀美国平民，纯属放NM的狗屁！抗美援朝的时候美国自己屠杀了多少朝鲜平民，他们自己心里有他妈的B数！美国就是个杀人机器！失道寡助的狗东西！自认为自己是救世主，然而美国搞了多少个国家，世界都看在眼里，自己有的不允许别人有，自己没有的别人更不有，多数美国鬼子认为只要是破坏美国利益的就都是恐怖主义，最后
北美强盗，我日你先人！！！！！",不推荐
"这游戏多人是真的爽，各种支援技能和载具战，节奏比BF和COD还要快，基本步兵见面不出两秒马上见分晓，点数制召唤技能和载具有利也有弊。
单人？这游戏的单人就是屑了，能让你头晕的FOV，屎一般滑腻的枪械手感和打击感（多人武器调了FOV后手感居然异常的好），以及三小时的迫真赤色黎明好莱坞抗朝神剧，也就是让你消磨一个下午的时间，对比的话也就比光荣使命稍好一点。",推荐
"

买bug送bug，体验了1小时剧情。我见到了史上bug最多的单人任务，走两步卡出地图、队友举枪瞄准敌人不射击诸如此类的神奇现象屡见不鲜。队友的任务就是躲在掩体后面骂街，然后等着你给他们清兵带路。单人都这样了，基本这游戏已经没有游戏体验了。",不推荐
让人无法忍受的非正常性死亡,不推荐
"相隔4年，终于通关啦，撒个花~

在经历过《狙击手：幽灵战士1》后，再次游玩此游戏，我觉得倒还是可以的，只是说比之当年的COD肯定是逊色太多了，但也算是个中等水准吧。

剧情这方面就不多说了，确实拿不上台面，人物塑造也几乎于无。

画面倒是还不错，除了枪模较为粗糙，可按照当年的标准也算得上是第一梯队，水面反射，实时光影都不错。

但是瞄准镜上的反射贴图就有点迷惑了，主要是狙击枪，仔细看，你会发现反射的贴图其实是一座浮在虚空中的房子？！

武器方面，手感都比较接近，分类实际就四种，手枪，霰弹枪，步枪，冲锋枪。机枪则完全就是大容量的冲锋枪，连音效都是一样的，所有武器里，还是我最喜欢的喷子用的舒服点，打头近点一发一个，就可惜出场次数太少了。虽然枪械重复，不过不同瞄镜的存在倒是减少了一部分厌烦感。

玩法方面，比较单调，主要是突突突，话说，第六关的飞机好好玩啊，可惜太短了，都不过瘾，操作性也挺好的。

成就方面单机都是我自己打的，都是比较简单的，值得注意的是，不读取检查点的那个成就是要你一次打完一整关才行。
多人的话，因为这游戏确实是鬼了，作为全成就星人，不全成就不舒服，所以用了SAM，到50级那个就离谱好吗……",推荐
"免费获取的产品

发现一个每天更新的老司机网站，资源种类超级多
http://www.zkz360.com/forum.php?x=10980",推荐
"武器看似很丰富，然而拿在手里都一个样
画面看似挺细致，然而真正玩的时候感觉很假
剧情看似很宏大，然而流程短的一比
这游戏看似不错，实际上整体很粗糙。
不推荐",不推荐
垃圾游戏,不推荐
智障剧情,推荐
画质太老了，实在啃不动,不推荐
居然是朝鲜而不是CN崛起，差评,推荐
因为是小厂出的，所以就和几年前的COD6比较一下。大小和COD6差不多，但是关卡少了一半；画质和优化都不行；2028年用的东西还没2018年先进；没有按住瞄准，而且鼠标灵敏度怎么调手感都很差，像在用手柄的感觉；多人游戏已经鬼服；最大的问题是这游戏的bug，最后一关hopper的衣服全都是毛坯，还有前面有时候场景里会出现很多莫名其妙的黑线......如果真的要买还是等打折吧,不推荐
难玩死了，全球最恶心的FPS,不推荐
这游戏都烂成这样了 还没中文 差评,不推荐
这款游戏虽然可玩性太低了。单人剧情一般玩了一次就不可能在玩第二次就是因为 单人太糟糕 他除了剧情还有神马?联机可玩性是蛮大的但是 很多方面都是不够完善,不推荐
"

Trash. You cant play it with a xbox one joystick lol even it is a free game",不推荐
没汉化玩个奶子系列，电脑队友真是傻逼，没一点用不说还总是卡你位,不推荐
辣 鸡,不推荐
"游戏选项界面看着还行，但是就是没找到汉化补丁，游侠的没用，三大妈打了是乱码，已退款
",不推荐
近距离的时候，ZZ一样的难度，对面开枪速度跟你**外挂一样，火神机枪是吧？一个比一个打的快。这游戏真你**是白送都是来气人的，搞个游戏本来休闲的，遭这反人类的敌人智商**得要*,不推荐
画面不算差，单机流畅运行。联网延迟太高，需要加速器，玩久了很无聊，没中文,不推荐
"

免费还行吧- -将就这玩- -",不推荐
"
中文呢",不推荐
"没有简体中文我是不会给好评的
I won't give high praise without simplified Chinese.
لا المبسطة لن تعطي الثناء
ingen forenklede kinesiske, jeg ikke kan give ros
중국어는 없어요. 호평 안 해요.
无简体文我不为名誉之
No soy chino simplificado no elogios
Il n'y a pas de chinois simplifié, je ne donne pas d'éloges
Δεν θα μου χωρίς απλοποιημένα κινέζικα είναι καλά
私は好評になりません
nie było mnie nie uproszczone dzięki
det förenklade kinesiska kommer jag inte att ge beröm.
ไม่ผมไม่ได้จะให้จีนที่มีชื่อเสียง
ei ole yksinkertaistettu, etten voi antaa kiitosta.
- zjednodušená čínstina - není oceněna
Non mi è mai semplificata per Lodi.
沒有簡體中文我是不會給好評的",不推荐
没有中文差评,不推荐
"6/10 勉强及格
7700HQ + 1070MAX-Q + WIn10 X64 Edu 1809，未遇到BUG.

射击手感奇怪。设定瞎扯。剧情俗套，单机内容太短。

哎嘿，真香",推荐
没有中文,不推荐
